<application>
  <component name="ProjectJdkTable">
    <jdk version="2">
      <name value="Python 3.5 (PythonCoding)" />
      <type value="Python SDK" />
      <version value="Python 3.5.3" />
      <homePath value="D:\python3.5.3\python.exe" />
      <roots>
        <classPath>
          <root type="composite">
            <root url="file://D:/python3.5.3/DLLs" type="simple" />
            <root url="file://D:/python3.5.3/Lib" type="simple" />
            <root url="file://D:/python3.5.3" type="simple" />
            <root url="file://D:/python3.5.3/Lib/site-packages" type="simple" />
            <root url="file://$USER_HOME$/.PyCharm2019.2/system/python_stubs/-472990683" type="simple" />
            <root url="file://$APPLICATION_HOME_DIR$/helpers/python-skeletons" type="simple" />
            <root url="file://$APPLICATION_HOME_DIR$/helpers/typeshed/stdlib/3" type="simple" />
            <root url="file://$APPLICATION_HOME_DIR$/helpers/typeshed/stdlib/2and3" type="simple" />
            <root url="file://$APPLICATION_HOME_DIR$/helpers/typeshed/third_party/3" type="simple" />
            <root url="file://$APPLICATION_HOME_DIR$/helpers/typeshed/third_party/2and3" type="simple" />
          </root>
        </classPath>
        <sourcePath>
          <root type="composite" />
        </sourcePath>
      </roots>
      <additional />
    </jdk>
  </component>
</application>