<application>
  <component name="ProjectJdkTable">
    <jdk version="2">
      <name value="Python 3.5 (ImporvedAdaboost)" />
      <type value="Python SDK" />
      <version value="Python 3.5.2" />
      <homePath value="D:\PY3.5\python.exe" />
      <roots>
        <classPath>
          <root type="composite">
            <root url="file://D:/PY3.5/DLLs" type="simple" />
            <root url="file://D:/PY3.5/Lib" type="simple" />
            <root url="file://D:/PY3.5" type="simple" />
            <root url="file://D:/PY3.5/Lib/site-packages" type="simple" />
            <root url="file://D:/PY3.5/Lib/site-packages/pyHook-1.5.1-py3.5-win-amd64.egg" type="simple" />
            <root url="file://D:/PY3.5/Lib/site-packages/win32" type="simple" />
            <root url="file://D:/PY3.5/Lib/site-packages/win32/lib" type="simple" />
            <root url="file://D:/PY3.5/Lib/site-packages/pythonwin" type="simple" />
            <root url="file://$USER_HOME$/.PyCharm2019.3/system/python_stubs/-999066441" type="simple" />
            <root url="file://$APPLICATION_HOME_DIR$/plugins/python/helpers/python-skeletons" type="simple" />
            <root url="file://$APPLICATION_HOME_DIR$/plugins/python/helpers/typeshed/stdlib/3" type="simple" />
            <root url="file://$APPLICATION_HOME_DIR$/plugins/python/helpers/typeshed/stdlib/2and3" type="simple" />
            <root url="file://$APPLICATION_HOME_DIR$/plugins/python/helpers/typeshed/third_party/3" type="simple" />
            <root url="file://$APPLICATION_HOME_DIR$/plugins/python/helpers/typeshed/third_party/2and3" type="simple" />
          </root>
        </classPath>
        <sourcePath>
          <root type="composite" />
        </sourcePath>
      </roots>
      <additional />
    </jdk>
  </component>
</application>